id,algorithm,server_name,endpoint,start_time,end_time,total_time,success,client_ip,created_at
3198,round_robin,img1,/webp2png,1775947193.0110106,1775947195.097013,2.0860023498535156,1,,1775947195.0982573
3199,random,img1,/webp2png,1775947193.2976072,1775947195.1350951,1.8374879360198975,1,,1775947195.1352239
3200,power_of_two,img1,/webp2png,1775947193.54758,1775947195.1714613,1.6238813400268555,1,,1775947195.171595
3201,least_connections,img1,/webp2png,1775947192.8666773,1775947195.1858287,2.3191514015197754,1,,1775947195.1859345
3202,least_connections,img1,/webp2png,1775947192.607861,1775947195.2154293,2.6075682640075684,1,,1775947195.215581
3203,least_connections,img1,/webp2png,1775947197.1096094,1775947201.4747033,4.365093946456909,1,,1775947201.4748297
3204,least_connections,img1,/webp2png,1775947197.7547066,1775947201.4883485,3.7336418628692627,1,,1775947201.488464
3205,least_connections,img1,/webp2png,1775947197.3316872,1775947201.4979074,4.166220188140869,1,,1775947201.4980662
3206,least_connections,img1,/webp2png,1775947196.678348,1775947201.5338469,4.855498790740967,1,,1775947201.5339699
3207,least_connections,img1,/webp2png,1775947197.502766,1775947201.577668,4.074902057647705,1,,1775947201.5778067
3208,random,rar1,/ziprar,1775947198.1116538,1775947204.8039842,6.692330360412598,1,,1775947204.805413
3209,power_of_two,rar1,/ziprar,1775947198.2653499,1775947204.9833736,6.718023777008057,1,,1775947204.983605
3210,least_connections,rar1,/ziprar,1775947198.7029128,1775947205.0323758,6.329463005065918,1,,1775947205.0325224
3211,round_robin,rar1,/ziprar,1775947198.9358132,1775947205.062049,6.126235723495483,1,,1775947205.0621862
3212,random,rar1,/ziprar,1775947198.4360638,1775947205.07952,6.643456220626831,1,,1775947205.0796516
3213,power_of_two,img1,/webp2png,1775947205.9537065,1775947208.9645522,3.01084566116333,1,,1775947208.9646842
3214,random,img1,/webp2png,1775947206.726156,1775947209.0153182,2.2891621589660645,1,,1775947209.0154636
3215,ip_hash,img1,/webp2png,1775947206.938987,1775947209.0294988,2.0905117988586426,1,,1775947209.0296187
3216,ip_hash,img1,/webp2png,1775947206.1820796,1775947209.0480363,2.8659567832946777,1,,1775947209.0481954
3217,ip_hash,img1,/webp2png,1775947206.4362454,1775947209.0730572,2.6368117332458496,1,,1775947209.0731828
3218,random,img1,/webp2png,1775947211.2848709,1775947213.6984048,2.413533926010132,1,,1775947213.6985316
3219,ip_hash,img1,/webp2png,1775947211.1691842,1775947213.7246099,2.5554256439208984,1,,1775947213.7247186
3220,random,img1,/webp2png,1775947211.5215142,1775947213.7371302,2.21561598777771,1,,1775947213.7373068
3221,least_connections,img1,/webp2png,1775947210.6698804,1775947213.7418144,3.0719339847564697,1,,1775947213.7418962
3222,round_robin,img1,/webp2png,1775947210.9452462,1775947213.7459958,2.8007495403289795,1,,1775947213.7460804
3223,least_connections,rar1,/ziprar,1775947216.866139,1775947219.4438722,2.577733278274536,1,,1775947219.443995
3224,random,img1,/webp2png,1775947217.251367,1775947221.0263772,3.775010108947754,1,,1775947221.0265505
3225,ip_hash,img1,/webp2png,1775947218.395762,1775947221.04442,2.648658037185669,1,,1775947221.0446255
3226,ip_hash,img1,/webp2png,1775947217.6525264,1775947221.0676131,3.4150867462158203,1,,1775947221.0692346
3227,round_robin,img1,/webp2png,1775947217.848277,1775947221.103948,3.2556710243225098,1,,1775947221.1040776
3228,random,img1,/webp2png,1775947218.1612384,1775947221.112376,2.9511375427246094,1,,1775947221.1124952
3229,power_of_two,rar1,/ziprar,1775947219.1506286,1775947223.9551938,4.804565191268921,1,,1775947223.9553294
3230,round_robin,rar1,/ziprar,1775947218.6000032,1775947224.0228546,5.422851324081421,1,,1775947224.0230088
3231,ip_hash,rar1,/ziprar,1775947218.8054311,1775947224.0835998,5.278168678283691,1,,1775947224.0837486
3232,random,rar1,/ziprar,1775947217.0759828,1775947224.0996258,7.0236430168151855,1,,1775947224.0997658
3233,round_robin,img1,/webp2png,1775947228.259723,1775947230.035958,1.7762351036071777,1,,1775947230.0361006
3234,power_of_two,img1,/webp2png,1775947228.15732,1775947230.12495,1.9676299095153809,1,,1775947230.1250794
3235,round_robin,img1,/webp2png,1775947227.27668,1775947230.1844006,2.9077205657958984,1,,1775947230.1847646
3236,power_of_two,img1,/webp2png,1775947227.4945161,1775947230.212259,2.717742919921875,1,,1775947230.21331
3237,round_robin,img1,/webp2png,1775947227.7374027,1775947230.2236688,2.4862661361694336,1,,1775947230.223841
3238,random,img1,/webp2png,1775947236.7708058,1775947238.86462,2.0938141345977783,1,,1775947238.8652508
3239,ip_hash,img1,/webp2png,1775947237.0405066,1775947238.9138913,1.873384714126587,1,,1775947238.9140224
3240,random,img1,/webp2png,1775947236.391031,1775947238.9209306,2.5298995971679688,1,,1775947238.9210215
3241,least_connections,img1,/webp2png,1775947236.120959,1775947238.9466224,2.8256633281707764,1,,1775947238.9467654
3242,round_robin,img1,/webp2png,1775947237.384116,1775947238.9538178,1.569701910018921,1,,1775947238.953975
3243,ip_hash,img1,/webp2png,1775947245.1635287,1775947246.6743755,1.5108468532562256,1,,1775947246.6744947
3244,round_robin,img1,/webp2png,1775947245.393169,1775947246.6899023,1.2967333793640137,1,,1775947246.6900098
3245,power_of_two,img1,/webp2png,1775947246.3508747,1775947249.1104085,2.7595338821411133,1,,1775947249.1105735
3246,power_of_two,img1,/webp2png,1775947246.0003676,1775947249.1249068,3.1245391368865967,1,,1775947249.125004
3247,ip_hash,img1,/webp2png,1775947245.6669111,1775947249.1324704,3.465559244155884,1,,1775947249.1325934
3248,round_robin,rar1,/ziprar,1775947250.048947,1775947251.5878408,1.538893699645996,1,,1775947251.587967
3249,power_of_two,img1,/webp2png,1775947253.1794689,1775947255.0314357,1.8519668579101562,1,,1775947255.031559
3250,least_connections,img1,/webp2png,1775947253.5535722,1775947255.0552943,1.5017220973968506,1,,1775947255.05541
3251,power_of_two,img1,/webp2png,1775947254.5642269,1775947256.2028675,1.6386406421661377,1,,1775947256.2078729
3252,random,rar1,/ziprar,1775947252.607609,1775947256.578537,3.9709279537200928,1,,1775947256.578668
3253,least_connections,rar1,/ziprar,1775947252.5372303,1775947256.6732757,4.136045455932617,1,,1775947256.67341
3254,power_of_two,rar1,/ziprar,1775947252.401693,1775947256.7843654,4.382672309875488,1,,1775947256.784492
3255,least_connections,rar1,/ziprar,1775947252.0170016,1775947256.8315601,4.814558506011963,1,,1775947256.8316803
3256,ip_hash,img1,/webp2png,1775947255.682045,1775947257.122957,1.4409120082855225,1,,1775947257.1231017
3257,round_robin,img1,/webp2png,1775947255.2668037,1775947257.18166,1.914856195449829,1,,1775947257.1818118
3258,round_robin,img1,/webp2png,1775947259.0329616,1775947261.051481,2.018519401550293,1,,1775947261.0560348
3259,least_connections,img1,/webp2png,1775947259.3623579,1775947261.0630918,1.7007339000701904,1,,1775947261.063286
3260,round_robin,img1,/webp2png,1775947259.7732854,1775947261.1044781,1.3311927318572998,1,,1775947261.1046722
3261,random,img1,/webp2png,1775947260.5753233,1775947261.553892,0.9785685539245605,1,,1775947261.5540242
3262,power_of_two,img1,/webp2png,1775947260.2959275,1775947261.622685,1.3267574310302734,1,,1775947261.6228292
3263,least_connections,img1,/webp2png,1775947264.2238445,1775947266.5323207,2.308476209640503,1,,1775947266.532479
3264,ip_hash,img1,/webp2png,1775947264.787575,1775947266.5659864,1.7784113883972168,1,,1775947266.5661669
3265,round_robin,img1,/webp2png,1775947263.9642198,1775947266.597468,2.6332480907440186,1,,1775947266.5976002
3266,random,img1,/webp2png,1775947264.4921749,1775947266.6097517,2.117576837539673,1,,1775947266.6098702
3267,round_robin,img1,/webp2png,1775947263.7490375,1775947266.6262715,2.8772339820861816,1,,1775947266.6264052
3268,random,rar1,/ziprar,1775947269.365623,1775947270.7746232,1.4090001583099365,1,,1775947270.7771811
3269,ip_hash,img1,/webp2png,1775947270.8038778,1775947272.699785,1.8959071636199951,1,,1775947272.6999598
3270,round_robin,img1,/webp2png,1775947270.3587062,1775947272.791759,2.4330527782440186,1,,1775947272.7923112
3271,power_of_two,img1,/webp2png,1775947270.0199554,1775947272.830395,2.8104395866394043,1,,1775947272.8352995
3272,random,img1,/webp2png,1775947271.1013427,1775947273.3985462,2.297203540802002,1,,1775947273.3986826
3273,power_of_two,img1,/webp2png,1775947271.45378,1775947273.4152043,1.9614243507385254,1,,1775947273.415325
3274,power_of_two,rar1,/ziprar,1775947273.4200234,1775947276.7231362,3.303112745285034,1,,1775947276.7233338
3275,ip_hash,rar1,/ziprar,1775947273.2354107,1775947276.7634826,3.528071880340576,1,,1775947276.763617
3276,least_connections,rar1,/ziprar,1775947273.5108266,1775947276.7869127,3.2760860919952393,1,,1775947276.787042
3277,round_robin,rar1,/ziprar,1775947274.0599735,1775947277.0124276,2.952454090118408,1,,1775947277.0125556
3278,ip_hash,img1,/webp2png,1775947277.8801618,1775947280.9754977,3.0953359603881836,1,,1775947280.9756362
3279,power_of_two,img1,/webp2png,1775947277.4966533,1775947281.0197866,3.5231332778930664,1,,1775947281.0199258
3280,random,img1,/webp2png,1775947278.2047253,1775947281.0359654,2.831240177154541,1,,1775947281.036077
3281,random,img1,/webp2png,1775947278.5026248,1775947281.06932,2.566695213317871,1,,1775947281.0694582
3282,power_of_two,img1,/webp2png,1775947277.7427936,1775947281.0833757,3.3405821323394775,1,,1775947281.0835056
3283,round_robin,img1,/webp2png,1775947284.9249754,1775947286.8514476,1.9264721870422363,1,,1775947286.8515968
3284,random,img1,/webp2png,1775947284.5747783,1775947286.9280627,2.3532843589782715,1,,1775947286.9304857
3285,random,img1,/webp2png,1775947285.0809288,1775947286.9795158,1.8985869884490967,1,,1775947286.982216
3286,round_robin,img1,/webp2png,1775947286.0183127,1775947287.2978172,1.2795045375823975,1,,1775947287.2980614
3287,power_of_two,img1,/webp2png,1775947285.7229328,1775947287.3194087,1.5964758396148682,1,,1775947287.3195527
3288,power_of_two,pdf1,/pdf2png,1775947187.7624485,1775947289.6371832,101.87473464012146,1,,1775947289.6374786
3289,round_robin,pdf1,/pdf2png,1775947188.3402107,1775947289.685449,101.34523820877075,1,,1775947289.6856332
3290,random,pdf1,/pdf2png,1775947187.6789267,1775947289.732682,102.05375528335571,1,,1775947289.7328167
3291,round_robin,pdf1,/pdf2png,1775947187.6130805,1775947289.766103,102.1530225276947,1,,1775947289.766287
3292,least_connections,pdf1,/pdf2png,1775947188.1336582,1775947289.8072135,101.67355537414551,1,,1775947289.8073444
3293,least_connections,rar1,/ziprar,1775947289.8935573,1775947291.283835,1.390277624130249,1,,1775947291.2839944
3294,ip_hash,img1,/webp2png,1775947294.6889353,1775947296.3130455,1.624110221862793,1,,1775947296.3132653
3295,round_robin,img1,/webp2png,1775947293.871561,1775947296.3505378,2.4789767265319824,1,,1775947296.35071
3296,least_connections,img1,/webp2png,1775947294.1708364,1775947296.420417,2.2495806217193604,1,,1775947296.4205782
3297,ip_hash,img1,/webp2png,1775947294.405624,1775947296.4356256,2.030001640319824,1,,1775947296.4358292
3298,ip_hash,img1,/webp2png,1775947295.015267,1775947296.4876373,1.4723703861236572,1,,1775947296.4879198
3299,power_of_two,rar1,/ziprar,1775947298.1004639,1775947303.484467,5.384003162384033,1,,1775947303.4846811
3300,least_connections,rar1,/ziprar,1775947298.8785014,1775947305.1563587,6.277857303619385,1,,1775947305.15655
3301,round_robin,rar1,/ziprar,1775947299.456575,1775947306.7135296,7.256954669952393,1,,1775947306.7137043
3302,power_of_two,rar1,/ziprar,1775947300.5259583,1775947306.838005,6.312046766281128,1,,1775947306.8381865
3303,round_robin,img1,/webp2png,1775947314.271946,1775947318.43017,4.158224105834961,1,,1775947318.432409
3304,least_connections,img1,/webp2png,1775947313.239756,1775947318.4865577,5.2468016147613525,1,,1775947318.4867523
3305,random,img1,/webp2png,1775947312.8389006,1775947318.5410106,5.702110052108765,1,,1775947318.5435245
3306,ip_hash,img1,/webp2png,1775947314.862477,1775947318.5512261,3.688749074935913,1,,1775947318.5514147
3307,round_robin,img1,/webp2png,1775947313.8006427,1775947318.5657156,4.765072822570801,1,,1775947318.5658963
3308,random,img1,/webp2png,1775947325.595568,1775947328.606417,3.0108489990234375,1,,1775947328.6065865
3309,round_robin,img1,/webp2png,1775947324.3124323,1775947328.659434,4.347001791000366,1,,1775947328.6596112
3310,power_of_two,img1,/webp2png,1775947323.9505959,1775947328.672815,4.722219228744507,1,,1775947328.672968
3311,ip_hash,img1,/webp2png,1775947325.137013,1775947328.6848705,3.5478575229644775,1,,1775947328.6850193
3312,power_of_two,img1,/webp2png,1775947324.6593769,1775947328.726969,4.067592144012451,1,,1775947328.7271686
3313,least_connections,rar1,/ziprar,1775947330.8594809,1775947334.5193326,3.6598517894744873,1,,1775947334.5195236
3314,power_of_two,img1,/webp2png,1775947334.7064097,1775947336.6582222,1.951812505722046,1,,1775947336.658359
3315,random,img1,/webp2png,1775947335.3572564,1775947339.8229337,4.465677261352539,1,,1775947339.823288
3316,least_connections,img1,/webp2png,1775947335.0824542,1775947339.8748405,4.792386293411255,1,,1775947339.8749716
3317,random,img1,/webp2png,1775947336.2540605,1775947339.902688,3.648627519607544,1,,1775947339.9028435
3318,random,img1,/webp2png,1775947335.8845088,1775947339.9185932,4.034084320068359,1,,1775947339.9187284
3319,least_connections,rar1,/ziprar,1775947340.1130683,1775947343.1982353,3.0851669311523438,1,,1775947343.1985378
3320,power_of_two,img1,/webp2png,1775947346.502202,1775947347.9180982,1.4158961772918701,1,,1775947347.9182749
3321,power_of_two,rar1,/ziprar,1775947342.8061485,1775947349.403504,6.597355365753174,1,,1775947349.4036758
3322,round_robin,rar1,/ziprar,1775947341.5430324,1775947349.7614794,8.218446969985962,1,,1775947349.7617226
3323,round_robin,rar1,/ziprar,1775947342.1552632,1775947349.8049889,7.649725675582886,1,,1775947349.8052304
3324,least_connections,img1,/webp2png,1775947350.089904,1775947354.3184972,4.228593111038208,1,,1775947354.3186722
3325,round_robin,img1,/webp2png,1775947350.6061,1775947354.3539114,3.7478113174438477,1,,1775947354.35407
3326,round_robin,img1,/webp2png,1775947351.2146876,1775947354.3602226,3.1455349922180176,1,,1775947354.3604715
3327,round_robin,img1,/webp2png,1775947350.3996763,1775947354.3780031,3.9783267974853516,1,,1775947354.3782566
3328,ip_hash,img1,/webp2png,1775947355.5480087,1775947357.048829,1.5008203983306885,1,,1775947357.0490077
3329,random,img1,/webp2png,1775947360.4846575,1775947364.0139275,3.5292699337005615,1,,1775947364.0171897
3330,power_of_two,img1,/webp2png,1775947360.1129515,1775947364.1145442,4.001592636108398,1,,1775947364.1147237
3331,power_of_two,img1,/webp2png,1775947360.9299703,1775947364.148211,3.218240737915039,1,,1775947364.1483781
3332,least_connections,img1,/webp2png,1775947361.588254,1775947364.3382094,2.749955415725708,1,,1775947364.3384206
3333,least_connections,img1,/webp2png,1775947365.4911177,1775947366.659875,1.1687572002410889,1,,1775947366.6600363
3334,ip_hash,img1,/webp2png,1775947372.775651,1775947374.6431363,1.8674852848052979,1,,1775947374.6433203
3335,least_connections,rar1,/ziprar,1775947371.721356,1775947374.8367374,3.1153814792633057,1,,1775947374.8369029
3336,ip_hash,img1,/webp2png,1775947373.4086168,1775947376.4330301,3.0244133472442627,1,,1775947376.4332416
3337,random,img1,/webp2png,1775947374.040374,1775947376.5039606,2.4635865688323975,1,,1775947376.504138
3338,round_robin,img1,/webp2png,1775947374.9087024,1775947377.3117805,2.403078079223633,1,,1775947377.3119657
3339,random,img1,/webp2png,1775947377.4181867,1775947378.6932578,1.275071144104004,1,,1775947378.696221
3340,round_robin,rar1,/ziprar,1775947378.8749633,1775947381.1833038,2.308340549468994,1,,1775947381.1835725
3341,round_robin,img1,/webp2png,1775947382.623479,1775947384.234907,1.6114280223846436,1,,1775947384.2350373
3342,power_of_two,img1,/webp2png,1775947384.9104683,1775947387.8249397,2.914471387863159,1,,1775947387.825152
3343,power_of_two,img1,/webp2png,1775947384.388066,1775947387.8343883,3.446322202682495,1,,1775947387.8345492
3344,least_connections,img1,/webp2png,1775947387.3307927,1775947388.7104146,1.379621982574463,1,,1775947388.7106142
3345,least_connections,img1,/webp2png,1775947389.3709168,1775947390.7830234,1.4121065139770508,1,,1775947390.7851818
3346,ip_hash,rar1,/ziprar,1775947385.3773344,1775947392.2343576,6.857023239135742,1,,1775947392.2345111
3347,round_robin,rar1,/ziprar,1775947385.8506021,1775947392.2836902,6.433088064193726,1,,1775947392.2838507
3348,ip_hash,rar1,/ziprar,1775947385.185805,1775947392.319367,7.133561849594116,1,,1775947392.319523
3349,round_robin,img1,/webp2png,1775947395.287359,1775947396.891356,1.603996992111206,1,,1775947396.8915155
3350,round_robin,img1,/webp2png,1775947397.4089825,1775947399.8625963,2.453613758087158,1,,1775947399.862778
3351,ip_hash,img1,/webp2png,1775947397.0785046,1775947399.9254668,2.8469622135162354,1,,1775947399.9257905
3352,ip_hash,img1,/webp2png,1775947398.1032467,1775947400.1824274,2.0791807174682617,1,,1775947400.182554
3353,least_connections,img1,/webp2png,1775947400.4728067,1775947401.97542,1.5026133060455322,1,,1775947401.9755867
3354,round_robin,img1,/webp2png,1775947406.0166206,1775947407.4976904,1.481069803237915,1,,1775947407.501588
3355,round_robin,img1,/webp2png,1775947408.220013,1775947410.3795815,2.1595685482025146,1,,1775947410.3797305
3356,least_connections,img1,/webp2png,1775947407.7789648,1775947410.427816,2.648851156234741,1,,1775947410.4279487
3357,least_connections,img1,/webp2png,1775947408.533221,1775947410.8131812,2.2799601554870605,1,,1775947410.8133113
3358,round_robin,img1,/webp2png,1775947409.1350734,1775947410.9185345,1.783461093902588,1,,1775947410.9280758
3359,round_robin,rar1,/ziprar,1775947411.45558,1775947415.4072897,3.951709747314453,1,,1775947415.407436
3360,random,img1,/webp2png,1775947414.7769337,1775947416.0700328,1.2930991649627686,1,,1775947416.0702612
3361,least_connections,rar1,/ziprar,1775947416.3431122,1775947420.877072,4.533959865570068,1,,1775947420.8773026
3362,power_of_two,img1,/webp2png,1775947418.7606614,1775947422.742632,3.9819705486297607,1,,1775947422.7429926
3363,least_connections,img1,/webp2png,1775947419.2916555,1775947422.791554,3.4998984336853027,1,,1775947422.791703
3364,least_connections,img1,/webp2png,1775947420.0803874,1775947423.1872983,3.1069109439849854,1,,1775947423.1875067
3365,ip_hash,img1,/webp2png,1775947420.4506857,1775947423.2515013,2.8008155822753906,1,,1775947423.2516825
3366,power_of_two,img1,/webp2png,1775947425.2393334,1775947426.750731,1.5113976001739502,1,,1775947426.7508838
3367,least_connections,rar1,/ziprar,1775947425.6000106,1775947431.6352196,6.0352089405059814,1,,1775947431.6354094
3368,random,rar1,/ziprar,1775947426.2186754,1775947431.6664257,5.4477503299713135,1,,1775947431.666555
3369,least_connections,rar1,/ziprar,1775947427.0477893,1775947431.9442785,4.896489143371582,1,,1775947431.944479
3370,round_robin,img1,/webp2png,1775947433.873536,1775947436.413922,2.5403859615325928,1,,1775947436.4172485
3371,least_connections,img1,/webp2png,1775947434.3788006,1775947436.4784544,2.099653720855713,1,,1775947436.4786158
3372,least_connections,img1,/webp2png,1775947434.7651274,1775947436.8547947,2.089667320251465,1,,1775947436.8550892
3373,power_of_two,img1,/webp2png,1775947435.5269284,1775947437.1705678,1.643639326095581,1,,1775947437.1707308
3374,ip_hash,img1,/webp2png,1775947438.5510724,1775947439.755766,1.2046935558319092,1,,1775947439.7561812
3375,ip_hash,img1,/webp2png,1775947442.885219,1775947444.9168036,2.0315845012664795,1,,1775947444.9191341
3376,least_connections,img1,/webp2png,1775947443.391297,1775947445.5309746,2.1396775245666504,1,,1775947445.5339863
3377,least_connections,img1,/webp2png,1775947443.9147973,1775947445.5722687,1.6574714183807373,1,,1775947445.5724268
3378,least_connections,img1,/webp2png,1775947444.944254,1775947446.1715643,1.2273104190826416,1,,1775947446.171791
3379,power_of_two,img1,/webp2png,1775947447.2608109,1775947448.869221,1.608410120010376,1,,1775947448.8694005
3380,round_robin,img1,/webp2png,1775947451.8232949,1775947453.5495658,1.7262709140777588,1,,1775947453.5497823
3381,power_of_two,img1,/webp2png,1775947452.5456178,1775947455.2212365,2.6756186485290527,1,,1775947455.2214348
3382,round_robin,img1,/webp2png,1775947453.0039098,1775947455.2812295,2.2773196697235107,1,,1775947455.2813578
3383,ip_hash,img1,/webp2png,1775947454.364801,1775947455.6328044,1.2680034637451172,1,,1775947455.6329756
3384,least_connections,rar1,/ziprar,1775947454.0358539,1775947457.207597,3.171743154525757,1,,1775947457.207812
3385,ip_hash,img1,/webp2png,1775947458.083234,1775947459.6886444,1.6054103374481201,1,,1775947459.6888394
3386,ip_hash,rar1,/ziprar,1775947458.6851895,1775947461.8206258,3.1354362964630127,1,,1775947461.820823
3387,random,img1,/webp2png,1775947462.9224532,1775947463.9178898,0.9954366683959961,1,,1775947463.9180937
3388,random,img1,/webp2png,1775947463.963313,1775947465.3329365,1.3696234226226807,1,,1775947465.3331103
3389,round_robin,img1,/webp2png,1775947464.6529796,1775947466.2194948,1.5665152072906494,1,,1775947466.2196777
3390,random,img1,/webp2png,1775947465.7641506,1775947466.9150062,1.150855541229248,1,,1775947466.916327
3391,least_connections,img1,/webp2png,1775947472.1473532,1775947473.8576372,1.7102839946746826,1,,1775947473.8578162
3392,power_of_two,rar1,/ziprar,1775947467.412447,1775947473.9333265,6.520879507064819,1,,1775947473.933496
3393,ip_hash,rar1,/ziprar,1775947467.9516375,1775947473.973932,6.022294521331787,1,,1775947473.974108
3394,least_connections,rar1,/ziprar,1775947468.3954651,1775947474.468737,6.073271751403809,1,,1775947474.4689198
3395,ip_hash,img1,/webp2png,1775947476.4639525,1775947478.5105228,2.046570301055908,1,,1775947478.5106797
3396,power_of_two,img1,/webp2png,1775947476.8447695,1775947479.441552,2.5967824459075928,1,,1775947479.4417286
3397,random,img1,/webp2png,1775947477.9123359,1775947480.351473,2.4391372203826904,1,,1775947480.3516676
3398,power_of_two,img1,/webp2png,1775947478.891973,1775947480.7910993,1.8991262912750244,1,,1775947480.791349
3399,power_of_two,img1,/webp2png,1775947482.5957756,1775947484.5005412,1.9047656059265137,1,,1775947484.5007117
3400,least_connections,img1,/webp2png,1775947486.837028,1775947488.174264,1.337235927581787,1,,1775947488.1744623
3401,random,img1,/webp2png,1775947487.4889462,1775947488.7482858,1.2593395709991455,1,,1775947488.7484677
3402,least_connections,img1,/webp2png,1775947488.974275,1775947490.2569337,1.282658576965332,1,,1775947490.2571545
3403,least_connections,img1,/webp2png,1775947489.617958,1775947491.1515067,1.5335485935211182,1,,1775947491.1516693
3404,ip_hash,pdf1,/pdf2png,1775947248.4374008,1775947569.0685928,320.63119196891785,1,,1775947569.0687504
3405,random,pdf1,/pdf2png,1775947248.740607,1775947569.204491,320.46388387680054,1,,1775947569.2046204
3406,least_connections,pdf1,/pdf2png,1775947247.8778386,1775947569.3660107,321.48817205429077,1,,1775947569.3661497
3407,random,pdf1,/pdf2png,1775947248.2226903,1775947569.5820742,321.3593838214874,1,,1775947569.584508
3408,random,pdf1,/pdf2png,1775947248.0179665,1775947569.6666942,321.64872765541077,1,,1775947569.666836
3409,least_connections,pdf1,/pdf2png,1775947309.5814705,1775947605.517287,295.93581652641296,1,,1775947605.5174315
3410,power_of_two,pdf1,/pdf2png,1775947308.5026758,1775947605.6206853,297.11800956726074,1,,1775947605.620827
3411,ip_hash,pdf1,/pdf2png,1775947308.7272985,1775947605.6622095,296.93491101264954,1,,1775947605.6623468
3412,power_of_two,pdf1,/pdf2png,1775947307.9873688,1775947605.7453642,297.75799536705017,1,,1775947605.7454965
3413,random,pdf1,/pdf2png,1775947368.3561635,1775947605.7636292,237.40746569633484,1,,1775947605.7638047
3414,least_connections,pdf1,/pdf2png,1775947368.0490108,1775947605.7715948,237.72258400917053,1,,1775947605.7717144
3415,round_robin,pdf1,/pdf2png,1775947309.1119177,1775947605.775341,296.66342329978943,1,,1775947605.7754672
3416,power_of_two,pdf1,/pdf2png,1775947369.6924238,1775947605.8297682,236.13734436035156,1,,1775947605.8299189
3417,random,pdf1,/pdf2png,1775947369.2678316,1775947605.8345146,236.56668305397034,1,,1775947605.8346481
3418,power_of_two,pdf1,/pdf2png,1775947368.8218544,1775947605.8611133,237.03925895690918,1,,1775947605.8613024
3419,least_connections,pdf1,/pdf2png,1775947428.6559937,1775947606.0772822,177.4212884902954,1,,1775947606.0774364
3420,least_connections,pdf1,/pdf2png,1775947429.9784427,1775947606.1467724,176.16832971572876,1,,1775947606.1469245
3421,least_connections,pdf1,/pdf2png,1775947429.1921258,1775947606.2315006,177.03937482833862,1,,1775947606.2337413
3422,round_robin,pdf1,/pdf2png,1775947428.199677,1775947606.23846,178.0387830734253,1,,1775947606.2386384
3423,round_robin,pdf1,/pdf2png,1775947429.6053786,1775947606.2620542,176.6566755771637,1,,1775947606.2622752
3424,round_robin,pdf1,/pdf2png,1775947975.4371367,1775947984.4760594,9.038922786712646,1,,1775947984.4762454
3425,round_robin,audio1,/file-request,1775948006.7723653,1775948007.5918865,0.8195211887359619,1,,1775948007.5920458
3426,least_connections,audio1,/file-request,1775948022.0572329,1775948022.6935604,0.6363275051116943,1,,1775948022.69371
3427,ip_hash,audio1,/file-request,1775948028.0784738,1775948028.8702893,0.7918155193328857,1,,1775948028.870416
3428,random,audio1,/file-request,1775948033.4263494,1775948034.223351,0.7970016002655029,1,,1775948034.2234833
3429,power_of_two,audio1,/file-request,1775948038.8923407,1775948039.7422493,0.8499085903167725,1,,1775948039.742375
3430,round_robin,img1,/webp2png,1775948053.7631154,1775948054.3154361,0.5523207187652588,1,,1775948054.3155715
3431,least_connections,img1,/webp2png,1775948061.9570765,1775948062.3572133,0.40013670921325684,1,,1775948062.3574116
3432,ip_hash,img1,/webp2png,1775948066.176446,1775948066.4665256,0.29007959365844727,1,,1775948066.466653
3433,random,img1,/webp2png,1775948070.9766057,1775948071.3663843,0.38977861404418945,1,,1775948071.366526
3434,power_of_two,img1,/webp2png,1775948075.3246162,1775948075.6370747,0.31245851516723633,1,,1775948075.6372623
3435,round_robin,rar1,/ziprar,1775948088.4115727,1775948089.297109,0.8855361938476562,1,,1775948089.2972474
3436,least_connections,rar1,/ziprar,1775948094.4898806,1775948095.3337855,0.843904972076416,1,,1775948095.3339882
3437,ip_hash,rar1,/ziprar,1775948103.6878114,1775948104.5396564,0.8518450260162354,1,,1775948104.5397952
3438,random,rar1,/ziprar,1775948109.0264084,1775948109.97079,0.9443814754486084,1,,1775948109.970925
3439,power_of_two,rar1,/ziprar,1775948114.2739139,1775948115.1232872,0.8493733406066895,1,,1775948115.1234317
3440,least_connections,img1,/webp2png,1776588803.1292894,1776588804.5388098,1.4095203876495361,1,,1776588804.5389984
3441,random,img1,/webp2png,1776588802.526029,1776588804.5666604,2.0406312942504883,1,,1776588804.566792
3442,power_of_two,img1,/webp2png,1776588802.6256342,1776588804.5921197,1.9664855003356934,1,,1776588804.592269
3443,random,img1,/webp2png,1776588802.882398,1776588804.5998847,1.71748685836792,1,,1776588804.6000996
3444,ip_hash,img1,/webp2png,1776588802.702493,1776588804.6053004,1.9028074741363525,1,,1776588804.605448
3445,random,img1,/webp2png,1776588806.0343385,1776588808.7769675,2.742629051208496,1,,1776588808.777111
3446,ip_hash,img1,/webp2png,1776588806.2196589,1776588808.7980537,2.578394889831543,1,,1776588808.7982144
3447,ip_hash,img1,/webp2png,1776588807.0095017,1776588808.803087,1.7935853004455566,1,,1776588808.8032184
3448,random,img1,/webp2png,1776588806.7034678,1776588808.8128238,2.109355926513672,1,,1776588808.8129914
3449,ip_hash,img1,/webp2png,1776588806.4669812,1776588808.8175266,2.3505454063415527,1,,1776588808.8176405
3450,power_of_two,rar1,/ziprar,1776588808.5250587,1776588814.5774472,6.052388429641724,1,,1776588814.5776443
3451,least_connections,rar1,/ziprar,1776588808.1598794,1776588814.597803,6.4379236698150635,1,,1776588814.5980144
3452,ip_hash,rar1,/ziprar,1776588807.6049309,1776588814.623451,7.01852011680603,1,,1776588814.6236238
3453,random,rar1,/ziprar,1776588807.8940938,1776588814.636153,6.742059230804443,1,,1776588814.6363173
3454,random,rar1,/ziprar,1776588808.3684642,1776588814.6488237,6.280359506607056,1,,1776588814.6490443
3455,ip_hash,img1,/webp2png,1776588813.8431764,1776588817.2341826,3.3910062313079834,1,,1776588817.2343347
3456,least_connections,img1,/webp2png,1776588814.2524703,1776588817.3272712,3.074800968170166,1,,1776588817.3312423
3457,round_robin,img1,/webp2png,1776588813.4077692,1776588817.338872,3.931102752685547,1,,1776588817.3411608
3458,ip_hash,img1,/webp2png,1776588813.0459504,1776588817.3712707,4.325320243835449,1,,1776588817.3714721
3459,ip_hash,img1,/webp2png,1776588812.7527087,1776588817.3970284,4.644319772720337,1,,1776588817.397249
3460,least_connections,img1,/webp2png,1776588821.7778294,1776588825.098318,3.320488691329956,1,,1776588825.0984826
3461,random,img1,/webp2png,1776588822.0687704,1776588825.1749697,3.106199264526367,1,,1776588825.1752112
3462,power_of_two,img1,/webp2png,1776588821.3653505,1776588825.1825938,3.8172433376312256,1,,1776588825.182732
3463,ip_hash,img1,/webp2png,1776588822.3351233,1776588825.2079058,2.8727824687957764,1,,1776588825.2080765
3464,power_of_two,img1,/webp2png,1776588822.6561408,1776588825.255352,2.5992112159729004,1,,1776588825.2555258
3465,ip_hash,img1,/webp2png,1776588829.168441,1776588834.240261,5.071820020675659,1,,1776588834.2404695
3466,round_robin,img1,/webp2png,1776588830.5703897,1776588834.2638319,3.6934421062469482,1,,1776588834.2640028
3467,ip_hash,img1,/webp2png,1776588830.1838083,1776588834.2799842,4.096175909042358,1,,1776588834.2801454
3468,round_robin,img1,/webp2png,1776588829.5947976,1776588834.2866254,4.691827774047852,1,,1776588834.2867582
3469,ip_hash,img1,/webp2png,1776588829.877698,1776588834.2965934,4.418895483016968,1,,1776588834.2967741
3470,power_of_two,rar1,/ziprar,1776588832.9522214,1776588842.443329,9.491107702255249,1,,1776588842.4435186
3471,power_of_two,rar1,/ziprar,1776588834.347186,1776588842.4679198,8.120733737945557,1,,1776588842.4680896
3472,round_robin,rar1,/ziprar,1776588833.8582106,1776588842.4775023,8.61929178237915,1,,1776588842.477634
3473,random,rar1,/ziprar,1776588833.4308116,1776588842.4865232,9.055711507797241,1,,1776588842.4867165
3474,random,rar1,/ziprar,1776588832.4190202,1776588842.5007885,10.081768274307251,1,,1776588842.5010302
3475,power_of_two,img1,/webp2png,1776588840.1928396,1776588845.071517,4.8786773681640625,1,,1776588845.0717926
3476,round_robin,img1,/webp2png,1776588841.244056,1776588845.1235414,3.8794853687286377,1,,1776588845.1236892
3477,ip_hash,img1,/webp2png,1776588840.9389377,1776588845.171873,4.232935428619385,1,,1776588845.172159
3478,least_connections,img1,/webp2png,1776588841.4927802,1776588845.1813993,3.6886191368103027,1,,1776588845.181585
3479,power_of_two,img1,/webp2png,1776588840.616708,1776588845.1936352,4.576927185058594,1,,1776588845.1938093
3480,power_of_two,img1,/webp2png,1776588854.5361814,1776588859.7343855,5.198204040527344,1,,1776588859.7345753
3481,least_connections,img1,/webp2png,1776588854.8347175,1776588859.7528548,4.918137311935425,1,,1776588859.7542574
3482,random,img1,/webp2png,1776588854.6934047,1776588859.761254,5.067849397659302,1,,1776588859.761375
3483,least_connections,img1,/webp2png,1776588853.8627872,1776588859.7664268,5.903639554977417,1,,1776588859.7665446
3484,random,img1,/webp2png,1776588854.2279046,1776588859.785457,5.557552337646484,1,,1776588859.7856166
3485,ip_hash,img1,/webp2png,1776588863.2250333,1776588865.4585106,2.2334773540496826,1,,1776588865.4587054
3486,random,img1,/webp2png,1776588863.5380318,1776588865.532047,1.9940152168273926,1,,1776588865.5322287
3487,round_robin,img1,/webp2png,1776588863.022048,1776588865.5969527,2.574904680252075,1,,1776588865.6027424
3488,random,img1,/webp2png,1776588863.3862233,1776588865.6604156,2.2741923332214355,1,,1776588865.6618378
3489,power_of_two,img1,/webp2png,1776588862.8544178,1776588865.672559,2.818141222000122,1,,1776588865.6727495
3490,power_of_two,img1,/webp2png,1776588870.8569646,1776588875.8895772,5.032612562179565,1,,1776588875.8897512
3491,power_of_two,img1,/webp2png,1776588870.25476,1776588875.9087212,5.653961181640625,1,,1776588875.9089017
3492,round_robin,img1,/webp2png,1776588869.418168,1776588875.9930856,6.574917554855347,1,,1776588875.9932768
3493,round_robin,img1,/webp2png,1776588870.5837495,1776588876.0180674,5.4343178272247314,1,,1776588876.0182798
3494,least_connections,img1,/webp2png,1776588869.817987,1776588876.0297546,6.211767673492432,1,,1776588876.030039
3495,random,rar1,/ziprar,1776588872.2411158,1776588880.1438882,7.902772426605225,1,,1776588880.14404
3496,random,rar1,/ziprar,1776588871.6415546,1776588880.1930296,8.551475048065186,1,,1776588880.196822
3497,least_connections,rar1,/ziprar,1776588871.9365835,1776588880.2515125,8.314929008483887,1,,1776588880.2517164
3498,power_of_two,rar1,/ziprar,1776588872.8267035,1776588880.2816658,7.454962253570557,1,,1776588880.2818503
3499,least_connections,rar1,/ziprar,1776588871.2470193,1776588880.31594,9.068920612335205,1,,1776588880.316173
3500,power_of_two,img1,/webp2png,1776588883.2770073,1776588885.4744375,2.19743013381958,1,,1776588885.4746199
3501,ip_hash,img1,/webp2png,1776588882.6170533,1776588885.5083685,2.891315221786499,1,,1776588885.5085611
3502,random,img1,/webp2png,1776588882.9858332,1776588885.5259383,2.540105104446411,1,,1776588885.5261414
3503,round_robin,img1,/webp2png,1776588882.340799,1776588885.5486817,3.2078826427459717,1,,1776588885.548894
3504,random,img1,/webp2png,1776588882.04887,1776588885.5843856,3.535515546798706,1,,1776588885.5845702
3505,ip_hash,img1,/webp2png,1776588889.0036635,1776588892.422329,3.4186654090881348,1,,1776588892.4225314
3506,power_of_two,img1,/webp2png,1776588889.21697,1776588892.4693341,3.252364158630371,1,,1776588892.469558
3507,round_robin,img1,/webp2png,1776588889.8380048,1776588892.5099702,2.6719653606414795,1,,1776588892.510145
3508,least_connections,img1,/webp2png,1776588889.521215,1776588892.5271816,3.0059666633605957,1,,1776588892.5273905
3509,ip_hash,img1,/webp2png,1776588888.6876185,1776588892.5337706,3.8461520671844482,1,,1776588892.5339873
3510,least_connections,img1,/webp2png,1776588895.4395552,1776588898.0187547,2.5791995525360107,1,,1776588898.0225418
3511,round_robin,img1,/webp2png,1776588894.741011,1776588898.0384412,3.2974302768707275,1,,1776588898.038578
3512,power_of_two,img1,/webp2png,1776588895.2411933,1776588898.0474863,2.80629301071167,1,,1776588898.047606
3513,round_robin,img1,/webp2png,1776588895.6502943,1776588898.0616226,2.4113283157348633,1,,1776588898.0618634
3514,ip_hash,img1,/webp2png,1776588894.9921489,1776588898.0997615,3.1076126098632812,1,,1776588898.0999303
3515,ip_hash,rar1,/ziprar,1776588896.7313385,1776588899.826968,3.0956294536590576,1,,1776588899.827125
3516,ip_hash,rar1,/ziprar,1776588897.682657,1776588902.3727238,4.690066814422607,1,,1776588902.3729486
3517,ip_hash,rar1,/ziprar,1776588897.16834,1776588902.4462988,5.277958869934082,1,,1776588902.4464679
3518,least_connections,rar1,/ziprar,1776588898.3004794,1776588902.7038748,4.403395414352417,1,,1776588902.7041187
3519,power_of_two,rar1,/ziprar,1776588898.5959573,1776588902.7324085,4.136451244354248,1,,1776588902.7325788
3520,random,img1,/webp2png,1776588904.5440433,1776588907.0888717,2.544828414916992,1,,1776588907.089027
3521,ip_hash,img1,/webp2png,1776588904.1295025,1776588907.1553617,3.0258591175079346,1,,1776588907.1555297
3522,round_robin,img1,/webp2png,1776588904.7369094,1776588907.1693795,2.4324700832366943,1,,1776588907.169634
3523,random,img1,/webp2png,1776588903.8676906,1776588907.1795816,3.3118910789489746,1,,1776588907.179712
3524,ip_hash,img1,/webp2png,1776588904.3182898,1776588907.1834989,2.8652091026306152,1,,1776588907.1836102
3525,random,img1,/webp2png,1776588917.411651,1776588920.9402225,3.528571605682373,1,,1776588920.9403715
3526,power_of_two,img1,/webp2png,1776588916.7101626,1776588920.9883635,4.27820086479187,1,,1776588920.9885151
3527,round_robin,img1,/webp2png,1776588916.99564,1776588921.0216584,4.026018381118774,1,,1776588921.02182
3528,power_of_two,img1,/webp2png,1776588917.5421596,1776588921.0284107,3.48625111579895,1,,1776588921.0285273
3529,round_robin,img1,/webp2png,1776588917.2464802,1776588921.0394995,3.7930192947387695,1,,1776588921.0396407
3530,power_of_two,rar1,/ziprar,1776588922.0193837,1776588923.8170605,1.7976768016815186,1,,1776588923.8171997
3531,random,img1,/webp2png,1776588926.1145678,1776588927.9833467,1.868778944015503,1,,1776588927.9834886
3532,power_of_two,img1,/webp2png,1776588926.372465,1776588928.0014443,1.6289794445037842,1,,1776588928.0015564
3533,least_connections,rar1,/ziprar,1776588923.8401194,1776588928.3510225,4.5109031200408936,1,,1776588928.3511984
3534,power_of_two,rar1,/ziprar,1776588923.477673,1776588928.4466946,4.969021558761597,1,,1776588928.446866
3535,round_robin,rar1,/ziprar,1776588924.5381045,1776588929.0774443,4.539339780807495,1,,1776588929.0776083
3536,round_robin,rar1,/ziprar,1776588924.2174735,1776588929.189154,4.971680402755737,1,,1776588929.189315
3537,least_connections,img1,/webp2png,1776588927.4969296,1776588929.2314851,1.7345554828643799,1,,1776588929.231635
3538,least_connections,img1,/webp2png,1776588926.6535287,1776588929.2433445,2.589815855026245,1,,1776588929.2434855
3539,random,img1,/webp2png,1776588927.1066427,1776588929.2532961,2.146653413772583,1,,1776588929.253452
3540,random,img1,/webp2png,1776588931.3819563,1776588932.8969488,1.5149924755096436,1,,1776588932.8971136
3541,power_of_two,img1,/webp2png,1776588931.093139,1776588932.913581,1.8204419612884521,1,,1776588932.9136803
3542,round_robin,img1,/webp2png,1776588931.9495091,1776588933.604419,1.6549098491668701,1,,1776588933.604581
3543,least_connections,img1,/webp2png,1776588932.645948,1776588933.6221783,0.9762303829193115,1,,1776588933.6223233
3544,least_connections,img1,/webp2png,1776588932.3684669,1776588933.6335485,1.2650816440582275,1,,1776588933.6336951
3545,round_robin,img1,/webp2png,1776588935.3890944,1776588936.7215567,1.3324623107910156,1,,1776588936.7217429
3546,random,img1,/webp2png,1776588935.242083,1776588936.7364295,1.4943463802337646,1,,1776588936.7365704
3547,round_robin,img1,/webp2png,1776588936.444315,1776588937.636212,1.1918971538543701,1,,1776588937.6363757
3548,power_of_two,img1,/webp2png,1776588935.793295,1776588937.678226,1.8849310874938965,1,,1776588937.6794183
3549,random,img1,/webp2png,1776588936.122084,1776588937.6929014,1.570817470550537,1,,1776588937.6930375
3550,least_connections,img1,/webp2png,1776588939.72541,1776588940.5886075,0.8631975650787354,1,,1776588940.5940487
3551,random,img1,/webp2png,1776588939.4330993,1776588940.6126642,1.1795649528503418,1,,1776588940.612808
3552,random,img1,/webp2png,1776588941.4410958,1776588942.9085667,1.4674708843231201,1,,1776588942.9087386
3553,ip_hash,img1,/webp2png,1776588941.1685805,1776588942.9612546,1.7926740646362305,1,,1776588942.9616985
3554,least_connections,img1,/webp2png,1776588940.859052,1776588942.9831629,2.1241109371185303,1,,1776588942.9833298
3555,power_of_two,rar1,/ziprar,1776588940.4136884,1776588943.0356379,2.6219494342803955,1,,1776588943.0358844
3556,round_robin,rar1,/ziprar,1776588943.6937437,1776588948.251462,4.557718276977539,1,,1776588948.2523956
3557,power_of_two,rar1,/ziprar,1776588943.4157996,1776588948.3108432,4.895043611526489,1,,1776588948.3112314
3558,least_connections,rar1,/ziprar,1776588944.1451073,1776588948.8926456,4.747538328170776,1,,1776588948.895496
3559,random,img1,/webp2png,1776588947.9802501,1776588949.1789412,1.1986911296844482,1,,1776588949.1791093
3560,ip_hash,rar1,/ziprar,1776588944.6602063,1776588949.405006,4.744799613952637,1,,1776588949.4051664
3561,random,img1,/webp2png,1776588948.3223257,1776588949.514832,1.1925063133239746,1,,1776588949.5150142
3562,ip_hash,img1,/webp2png,1776588950.4093823,1776588951.78552,1.3761377334594727,1,,1776588951.7856984
3563,least_connections,img1,/webp2png,1776588950.1890619,1776588951.819298,1.6302361488342285,1,,1776588951.8194675
3564,random,img1,/webp2png,1776588949.9794874,1776588951.8358808,1.8563933372497559,1,,1776588951.8442457
3565,random,img1,/webp2png,1776588952.6312227,1776588953.2871275,0.6559047698974609,1,,1776588953.2872984
3566,random,img1,/webp2png,1776588953.0414267,1776588953.6542268,0.612800121307373,1,,1776588953.6576676
3567,power_of_two,img1,/webp2png,1776588956.2610621,1776588958.058189,1.7971267700195312,1,,1776588958.0585747
3568,ip_hash,img1,/webp2png,1776588956.439198,1776588958.0797017,1.6405036449432373,1,,1776588958.0799882
3569,least_connections,img1,/webp2png,1776588955.9546669,1776588958.0903993,2.135732412338257,1,,1776588958.0905955
3570,least_connections,pdf1,/pdf2png,1776588797.6109583,1776588969.0494273,171.43846893310547,1,,1776588969.0497265
3571,ip_hash,pdf1,/pdf2png,1776588797.773147,1776588969.2125742,171.43942713737488,1,,1776588969.2127807
3572,ip_hash,pdf1,/pdf2png,1776588797.8902316,1776588969.236561,171.3463294506073,1,,1776588969.2368448
3573,power_of_two,pdf1,/pdf2png,1776588798.1016262,1776588969.371924,171.2702977657318,1,,1776588969.372108
3574,random,pdf1,/pdf2png,1776588798.3693533,1776588969.5176778,171.1483244895935,1,,1776588969.517967
3575,least_connections,img1,/webp2png,1776588971.260473,1776588972.9127016,1.652228593826294,1,,1776588972.9129941
3576,random,img1,/webp2png,1776588973.1193123,1776588974.5675542,1.448241949081421,1,,1776588974.5678365
3577,random,img1,/webp2png,1776588981.0784898,1776588983.0324934,1.9540035724639893,1,,1776588983.036948
3578,random,img1,/webp2png,1776588980.7608142,1776588983.0833259,2.322511672973633,1,,1776588983.0835748
3579,round_robin,img1,/webp2png,1776588981.315286,1776588983.1172125,1.801926612854004,1,,1776588983.1175313
3580,least_connections,img1,/webp2png,1776588985.1092234,1776588986.7081115,1.5988881587982178,1,,1776588986.7082782
3581,least_connections,img1,/webp2png,1776588986.129413,1776588987.584417,1.4550042152404785,1,,1776588987.5845919
3582,random,rar1,/ziprar,1776588984.5596182,1776588987.815785,3.256166696548462,1,,1776588987.8161502
3583,random,img1,/webp2png,1776588989.3047726,1776588991.5033007,2.1985280513763428,1,,1776588991.5035596
3584,least_connections,img1,/webp2png,1776588989.5237257,1776588991.9645271,2.4408013820648193,1,,1776588991.9647546
3585,power_of_two,img1,/webp2png,1776588989.0913622,1776588992.10917,3.017807722091675,1,,1776588992.1093967
3586,random,rar1,/ziprar,1776588990.746013,1776588996.2162359,5.4702229499816895,1,,1776588996.2165012
3587,ip_hash,rar1,/ziprar,1776588990.1851237,1776588996.244007,6.058883428573608,1,,1776588996.2442126
3588,ip_hash,rar1,/ziprar,1776588991.5197902,1776588996.3075898,4.787799596786499,1,,1776588996.3078055
3589,power_of_two,rar1,/ziprar,1776588992.6677322,1776588997.0004091,4.332676887512207,1,,1776588997.0005941
3590,round_robin,img1,/webp2png,1776588995.7792447,1776588997.1243324,1.3450877666473389,1,,1776588997.1252344
3591,least_connections,img1,/webp2png,1776588997.2750766,1776588998.2182834,0.943206787109375,1,,1776588998.2185798
3592,random,img1,/webp2png,1776588999.7311623,1776589001.9024916,2.1713292598724365,1,,1776589001.9028125
3593,round_robin,img1,/webp2png,1776589000.2389302,1776589001.923012,1.684081792831421,1,,1776589001.9232402
3594,round_robin,img1,/webp2png,1776589000.022701,1776589001.9386647,1.9159636497497559,1,,1776589001.9390178
3595,round_robin,img1,/webp2png,1776589002.6770859,1776589003.8954978,1.218411922454834,1,,1776589003.8956676
3596,least_connections,img1,/webp2png,1776589003.6393986,1776589004.8113062,1.171907663345337,1,,1776589004.8115153
3597,least_connections,img1,/webp2png,1776589006.985644,1776589008.4071977,1.421553611755371,1,,1776589008.407594
3598,least_connections,img1,/webp2png,1776589006.663705,1776589008.471965,1.8082599639892578,1,,1776589008.472146
3599,random,img1,/webp2png,1776589006.330645,1776589008.4769666,2.1463215351104736,1,,1776589008.4771047
3600,round_robin,img1,/webp2png,1776589008.9207015,1776589009.7094843,0.7887828350067139,1,,1776589009.7096872
3601,random,img1,/webp2png,1776589010.0860257,1776589011.1285415,1.042515754699707,1,,1776589011.1287024
3602,least_connections,img1,/webp2png,1776589013.8660495,1776589015.668662,1.802612543106079,1,,1776589015.6688251
3603,round_robin,img1,/webp2png,1776589013.499789,1776589015.7525208,2.2527318000793457,1,,1776589015.7527719
3604,ip_hash,img1,/webp2png,1776589014.339631,1776589016.1426663,1.8030352592468262,1,,1776589016.1540322
3605,power_of_two,rar1,/ziprar,1776589013.182724,1776589016.848681,3.665956974029541,1,,1776589016.8488898
3606,random,img1,/webp2png,1776589017.1628702,1776589018.441219,1.2783489227294922,1,,1776589018.441359
3607,random,img1,/webp2png,1776589018.1834543,1776589019.2183876,1.03493332862854,1,,1776589019.218582
3608,random,img1,/webp2png,1776589023.3297887,1776589025.4831803,2.1533915996551514,1,,1776589025.4834344
3609,random,img1,/webp2png,1776589023.0075054,1776589025.567038,2.559532642364502,1,,1776589025.5672095
3610,random,img1,/webp2png,1776589023.8780818,1776589025.6341338,1.756052017211914,1,,1776589025.6342952
3611,power_of_two,rar1,/ziprar,1776589020.3070204,1776589026.8021476,6.495127201080322,1,,1776589026.802307
3612,random,rar1,/ziprar,1776589020.032251,1776589026.857435,6.825184106826782,1,,1776589026.857606
3613,ip_hash,rar1,/ziprar,1776589020.601512,1776589026.885018,6.283506155014038,1,,1776589026.8852446
3614,least_connections,rar1,/ziprar,1776589021.153589,1776589026.92058,5.766990900039673,1,,1776589026.9208164
3615,random,img1,/webp2png,1776589027.2158718,1776589028.2972713,1.0813994407653809,1,,1776589028.2974503
3616,least_connections,img1,/webp2png,1776589028.0212634,1776589029.2296367,1.2083733081817627,1,,1776589029.2313526
3617,ip_hash,img1,/webp2png,1776589036.190137,1776589040.2879918,4.097854852676392,1,,1776589040.2881408
3618,power_of_two,img1,/webp2png,1776589035.5174403,1776589040.3078704,4.790430068969727,1,,1776589040.3080704
3619,power_of_two,img1,/webp2png,1776589035.7968946,1776589040.3130116,4.516117095947266,1,,1776589040.31313
3620,ip_hash,img1,/webp2png,1776589041.0413833,1776589041.9018116,0.8604283332824707,1,,1776589041.9019547
3621,round_robin,img1,/webp2png,1776589042.2006173,1776589043.1079717,0.9073543548583984,1,,1776589043.1081197
3622,least_connections,img1,/webp2png,1776589044.6657555,1776589046.251285,1.5855295658111572,1,,1776589046.2514925
3623,random,img1,/webp2png,1776589044.079686,1776589046.2932365,2.213550567626953,1,,1776589046.2934186
3624,ip_hash,img1,/webp2png,1776589044.4065528,1776589046.326022,1.9194691181182861,1,,1776589046.3262305
3625,round_robin,img1,/webp2png,1776589046.9990005,1776589048.1213622,1.122361660003662,1,,1776589048.1215284
3626,power_of_two,img1,/webp2png,1776589048.3164966,1776589049.1556563,0.8391597270965576,1,,1776589049.1567845
3627,power_of_two,rar1,/ziprar,1776589049.4956849,1776589051.783123,2.287438154220581,1,,1776589051.783312
3628,power_of_two,img1,/webp2png,1776589051.8116124,1776589054.0896153,2.278002977371216,1,,1776589054.0898135
3629,power_of_two,img1,/webp2png,1776589052.410237,1776589054.1117811,1.7015440464019775,1,,1776589054.1120725
3630,random,img1,/webp2png,1776589052.1688995,1776589054.1318436,1.9629440307617188,1,,1776589054.1320105
3631,power_of_two,img1,/webp2png,1776589054.4796042,1776589055.6364813,1.156877040863037,1,,1776589055.63668
3632,round_robin,img1,/webp2png,1776589056.0170891,1776589057.8183515,1.801262378692627,1,,1776589057.818543
3633,round_robin,rar1,/ziprar,1776589057.2112439,1776589063.988768,6.77752423286438,1,,1776589063.988996
3634,least_connections,rar1,/ziprar,1776589057.8394084,1776589064.0087547,6.169346332550049,1,,1776589064.0088823
3635,least_connections,rar1,/ziprar,1776589057.5710132,1776589064.072961,6.50194787979126,1,,1776589064.0757952
3636,ip_hash,rar1,/ziprar,1776589058.3184652,1776589064.1301389,5.811673641204834,1,,1776589064.1303842
3637,random,img1,/webp2png,1776589062.6266234,1776589064.9166172,2.2899937629699707,1,,1776589064.9167893
3638,round_robin,img1,/webp2png,1776589062.9547172,1776589064.973094,2.0183768272399902,1,,1776589064.9733129
3639,power_of_two,img1,/webp2png,1776589063.4572287,1776589065.179032,1.7218034267425537,1,,1776589065.1794248
3640,random,img1,/webp2png,1776589065.3963177,1776589066.240986,0.8446683883666992,1,,1776589066.241168
3641,power_of_two,img1,/webp2png,1776589066.8251817,1776589067.6675997,0.8424179553985596,1,,1776589067.6680644
3642,random,img1,/webp2png,1776589069.4813952,1776589070.954601,1.473205804824829,1,,1776589070.9547493
3643,ip_hash,img1,/webp2png,1776589069.195451,1776589071.0226438,1.827192783355713,1,,1776589071.0228467
3644,power_of_two,img1,/webp2png,1776589069.9020116,1776589071.1108747,1.2088630199432373,1,,1776589071.1111264
3645,power_of_two,img1,/webp2png,1776589071.1916218,1776589072.0936632,0.9020414352416992,1,,1776589072.0938697
3646,least_connections,img1,/webp2png,1776589072.8031478,1776589073.8022537,0.9991059303283691,1,,1776589073.8026793
3647,least_connections,img1,/webp2png,1776589076.012726,1776589078.0711389,2.058412790298462,1,,1776589078.0712893
3648,least_connections,img1,/webp2png,1776589075.3118596,1776589078.1243484,2.8124887943267822,1,,1776589078.124501
3649,round_robin,img1,/webp2png,1776589075.6164062,1776589078.169612,2.553205728530884,1,,1776589078.1698515
3650,ip_hash,img1,/webp2png,1776589076.9834177,1776589078.8381557,1.8547379970550537,1,,1776589078.8416295
3651,random,img1,/webp2png,1776589079.6931655,1776589080.687672,0.9945063591003418,1,,1776589080.6878457
3652,ip_hash,rar1,/ziprar,1776589078.4865894,1776589081.273628,2.787038564682007,1,,1776589081.2739067
3653,random,img1,/webp2png,1776589083.5398488,1776589085.3605978,1.820749044418335,1,,1776589085.3610978
3654,least_connections,img1,/webp2png,1776589083.2283309,1776589085.3894405,2.161109685897827,1,,1776589085.389725
3655,least_connections,img1,/webp2png,1776589083.997247,1776589085.437619,1.4403719902038574,1,,1776589085.450643
3656,random,img1,/webp2png,1776589084.7934322,1776589086.2665548,1.4731225967407227,1,,1776589086.2668185
3657,random,img1,/webp2png,1776589089.6045887,1776589091.8072033,2.2026145458221436,1,,1776589091.807817
3658,power_of_two,rar1,/ziprar,1776589086.6876721,1776589092.1807141,5.4930419921875,1,,1776589092.1809778
3659,power_of_two,rar1,/ziprar,1776589086.3588467,1776589092.4105856,6.051738977432251,1,,1776589092.4110599
3660,ip_hash,rar1,/ziprar,1776589087.5192275,1776589093.8573446,6.3381171226501465,1,,1776589093.857509
3661,ip_hash,rar1,/ziprar,1776589088.4014673,1776589093.875527,5.474059581756592,1,,1776589093.8756824
3662,least_connections,pdf1,/pdf2png,1776588857.7760832,1776589118.1424677,260.3663845062256,1,,1776589118.1461852
3663,random,pdf1,/pdf2png,1776588858.8771381,1776589119.1510446,260.2739064693451,1,,1776589119.151218
3664,ip_hash,pdf1,/pdf2png,1776588859.1416225,1776589119.6555388,260.5139162540436,1,,1776589119.6557415
3665,round_robin,pdf1,/pdf2png,1776588858.2084243,1776589119.7970762,261.58865189552307,1,,1776589119.7973044
3666,round_robin,pdf1,/pdf2png,1776588858.6133263,1776589120.9024084,262.2890820503235,1,,1776589120.9047387
3667,power_of_two,pdf1,/pdf2png,1776588918.0912325,1776589148.3269892,230.2357566356659,1,,1776589148.3272083
3668,round_robin,pdf1,/pdf2png,1776588918.6747096,1776589148.403948,229.72923851013184,1,,1776589148.4051328
3669,least_connections,pdf1,/pdf2png,1776588918.4761882,1776589148.6975777,230.22138953208923,1,,1776589148.6977375
3670,power_of_two,pdf1,/pdf2png,1776588918.320659,1776589148.7173676,230.39670872688293,1,,1776589148.7176049
3671,round_robin,pdf1,/pdf2png,1776588918.894573,1776589149.1000397,230.20546674728394,1,,1776589149.1002004
3672,ip_hash,pdf1,/pdf2png,1776588978.376651,1776589171.001232,192.62458086013794,1,,1776589171.001556
3673,random,pdf1,/pdf2png,1776588979.0800815,1776589171.4473512,192.3672697544098,1,,1776589171.4475067
3674,round_robin,pdf1,/pdf2png,1776588978.7389593,1776589171.5976765,192.85871720314026,1,,1776589171.5980682
3675,power_of_two,pdf1,/pdf2png,1776588979.3717926,1776589171.670489,192.29869651794434,1,,1776589171.6706417
3676,power_of_two,pdf1,/pdf2png,1776588978.0354226,1776589171.7706368,193.73521423339844,1,,1776589171.7708728
3677,power_of_two,pdf1,/pdf2png,1776589038.9071763,1776589175.4105146,136.50333833694458,1,,1776589175.410729
3678,random,pdf1,/pdf2png,1776589039.6956596,1776589175.6325867,135.93692708015442,1,,1776589175.6327817
3679,power_of_two,pdf1,/pdf2png,1776589038.6472118,1776589175.7131114,137.0658996105194,1,,1776589175.7133837
3680,random,pdf1,/pdf2png,1776589039.3184683,1776589175.7341745,136.41570615768433,1,,1776589175.734483
3681,round_robin,pdf1,/pdf2png,1776589038.232318,1776589175.7612433,137.52892541885376,1,,1776589175.7614253
3682,ip_hash,img1,/webp2png,1776699483.8284771,1776699485.9189487,2.0904715061187744,1,,1776699485.9191658
3683,least_connections,img1,/webp2png,1776699483.9683814,1776699485.9364438,1.968062400817871,1,,1776699485.9365942
3684,random,img1,/webp2png,1776699484.052527,1776699485.9555354,1.9030084609985352,1,,1776699485.9556873
3685,power_of_two,img1,/webp2png,1776699483.23847,1776699485.9813576,2.742887496948242,1,,1776699485.9815392
3686,least_connections,img1,/webp2png,1776699483.5328183,1776699486.004821,2.4720027446746826,1,,1776699486.0049775
3687,least_connections,img1,/webp2png,1776699487.3481495,1776699493.4770887,6.128939151763916,1,,1776699493.4772534
3688,round_robin,img1,/webp2png,1776699487.6040242,1776699493.5643654,5.960341215133667,1,,1776699493.5663338
3689,round_robin,img1,/webp2png,1776699488.1399918,1776699493.6014519,5.461460113525391,1,,1776699493.6016674
3690,random,img1,/webp2png,1776699487.7115796,1776699493.6785603,5.966980695724487,1,,1776699493.6788073
3691,round_robin,img1,/webp2png,1776699487.9536126,1776699493.7260795,5.7724668979644775,1,,1776699493.726364
3692,power_of_two,rar1,/ziprar,1776699488.472389,1776699498.123755,9.651365995407104,1,,1776699498.1239464
3693,ip_hash,rar1,/ziprar,1776699489.260291,1776699498.1404798,8.880188703536987,1,,1776699498.140648
3694,least_connections,rar1,/ziprar,1776699489.7231584,1776699498.184973,8.461814641952515,1,,1776699498.1851661
3695,least_connections,rar1,/ziprar,1776699488.7010942,1776699498.199278,9.498183965682983,1,,1776699498.1994877
3696,round_robin,rar1,/ziprar,1776699488.9742699,1776699498.2100573,9.235787391662598,1,,1776699498.2102294
3697,least_connections,img1,/webp2png,1776699499.2465854,1776699503.2245667,3.9779813289642334,1,,1776699503.2247741
3698,ip_hash,img1,/webp2png,1776699500.1812842,1776699503.2920692,3.1107850074768066,1,,1776699503.292267
3699,round_robin,img1,/webp2png,1776699498.9468422,1776699503.3095949,4.362752676010132,1,,1776699503.309933
3700,random,img1,/webp2png,1776699499.830176,1776699503.3189704,3.4887943267822266,1,,1776699503.3190956
3701,least_connections,img1,/webp2png,1776699499.5205877,1776699503.3323047,3.8117170333862305,1,,1776699503.332536
3702,ip_hash,img1,/webp2png,1776699507.3544314,1776699512.7549021,5.400470733642578,1,,1776699512.7551212
3703,round_robin,img1,/webp2png,1776699509.1133115,1776699512.8274622,3.7141506671905518,1,,1776699512.8277323
3704,round_robin,img1,/webp2png,1776699508.1772797,1776699512.8405874,4.6633076667785645,1,,1776699512.8407621
3705,power_of_two,img1,/webp2png,1776699507.7278023,1776699512.8567739,5.128971576690674,1,,1776699512.857052
3706,ip_hash,img1,/webp2png,1776699508.7075133,1776699512.872283,4.164769649505615,1,,1776699512.8724577
3707,power_of_two,img1,/webp2png,1776699518.0113723,1776699521.2445128,3.233140468597412,1,,1776699521.244742
3708,round_robin,img1,/webp2png,1776699518.5814164,1776699521.2730255,2.6916091442108154,1,,1776699521.273219
3709,random,img1,/webp2png,1776699516.9498625,1776699521.278179,4.3283164501190186,1,,1776699521.278346
3710,least_connections,img1,/webp2png,1776699517.2563684,1776699521.2838256,4.027457237243652,1,,1776699521.284029
3711,least_connections,img1,/webp2png,1776699517.6824782,1776699521.3469012,3.6644229888916016,1,,1776699521.3470871
3712,least_connections,rar1,/ziprar,1776699528.9551692,1776699533.2399807,4.284811496734619,1,,1776699533.2401888
3713,random,rar1,/ziprar,1776699530.1667454,1776699538.211489,8.044743537902832,1,,1776699538.2116568
3714,round_robin,rar1,/ziprar,1776699530.6604466,1776699538.2317643,7.571317672729492,1,,1776699538.232003
3715,round_robin,rar1,/ziprar,1776699531.4362874,1776699538.2792895,6.843002080917358,1,,1776699538.2798731
3716,random,rar1,/ziprar,1776699532.2820647,1776699539.6609876,7.378922939300537,1,,1776699539.6611814
3717,power_of_two,img1,/webp2png,1776699540.333193,1776699542.172666,1.839473009109497,1,,1776699542.178266
3718,ip_hash,img1,/webp2png,1776699539.9860053,1776699542.2128987,2.226893424987793,1,,1776699542.2130342
3719,least_connections,img1,/webp2png,1776699540.1728168,1776699542.2427394,2.069922685623169,1,,1776699542.242891
3720,ip_hash,img1,/webp2png,1776699540.715957,1776699542.2720482,1.55609130859375,1,,1776699542.2722342
3721,power_of_two,img1,/webp2png,1776699540.5499203,1776699542.2842515,1.7343311309814453,1,,1776699542.2843945
3722,power_of_two,img1,/webp2png,1776699544.7950454,1776699547.7322125,2.937167167663574,1,,1776699547.7364175
3723,random,img1,/webp2png,1776699544.6017468,1776699547.7749672,3.17322039604187,1,,1776699547.7751453
3724,ip_hash,img1,/webp2png,1776699545.5661886,1776699547.8064482,2.2402596473693848,1,,1776699547.8066032
3725,least_connections,img1,/webp2png,1776699545.037903,1776699547.8144171,2.7765140533447266,1,,1776699547.814532
3726,least_connections,img1,/webp2png,1776699545.2941637,1776699547.8225188,2.528355121612549,1,,1776699547.8226438
3727,ip_hash,img1,/webp2png,1776699550.0192034,1776699552.5321684,2.512964963912964,1,,1776699552.532355
3728,least_connections,img1,/webp2png,1776699550.7256129,1776699552.5521636,1.8265507221221924,1,,1776699552.55231
3729,ip_hash,img1,/webp2png,1776699550.251689,1776699552.5598614,2.3081724643707275,1,,1776699552.5599985
3730,ip_hash,img1,/webp2png,1776699550.502069,1776699552.5672476,2.065178632736206,1,,1776699552.567367
3731,least_connections,img1,/webp2png,1776699549.7467313,1776699552.581161,2.8344297409057617,1,,1776699552.5812917
3732,round_robin,rar1,/ziprar,1776699552.1370356,1776699555.8310525,3.694016933441162,1,,1776699555.8312454
3733,round_robin,rar1,/ziprar,1776699553.4329255,1776699557.6827343,4.2498087882995605,1,,1776699557.6829317
3734,random,rar1,/ziprar,1776699553.152164,1776699557.7065942,4.554430246353149,1,,1776699557.7067537
3735,round_robin,rar1,/ziprar,1776699553.817482,1776699557.7639709,3.946488857269287,1,,1776699557.764115
3736,round_robin,rar1,/ziprar,1776699554.0811827,1776699558.0276349,3.9464521408081055,1,,1776699558.027826
3737,random,img1,/webp2png,1776699559.1012845,1776699560.8046184,1.703333854675293,1,,1776699560.8048112
3738,power_of_two,img1,/webp2png,1776699558.5736566,1776699560.8316264,2.257969856262207,1,,1776699560.8318324
3739,power_of_two,img1,/webp2png,1776699558.8380125,1776699560.8611054,2.0230929851531982,1,,1776699560.86127
3740,ip_hash,img1,/webp2png,1776699559.3445637,1776699560.8684294,1.5238656997680664,1,,1776699560.8686075
3741,least_connections,img1,/webp2png,1776699558.3782563,1776699560.8747897,2.4965333938598633,1,,1776699560.8750544
3742,power_of_two,img1,/webp2png,1776699563.7881463,1776699565.9681187,2.1799724102020264,1,,1776699565.9709463
3743,round_robin,img1,/webp2png,1776699564.665884,1776699566.0290763,1.3631923198699951,1,,1776699566.0293465
3744,ip_hash,img1,/webp2png,1776699563.3795378,1776699566.0859795,2.706441640853882,1,,1776699566.0861886
3745,round_robin,img1,/webp2png,1776699564.3937306,1776699566.0979967,1.70426607131958,1,,1776699566.098215
3746,ip_hash,img1,/webp2png,1776699563.574135,1776699566.1060615,2.531926393508911,1,,1776699566.1062365
3747,random,img1,/webp2png,1776699569.4734151,1776699572.1509955,2.6775803565979004,1,,1776699572.1511621
3748,round_robin,img1,/webp2png,1776699569.29421,1776699572.18444,2.8902299404144287,1,,1776699572.1846082
3749,least_connections,img1,/webp2png,1776699569.8822646,1776699572.1962874,2.3140227794647217,1,,1776699572.1965485
3750,ip_hash,img1,/webp2png,1776699569.0597591,1776699572.273962,3.214202880859375,1,,1776699572.274469
3751,ip_hash,img1,/webp2png,1776699568.7462504,1776699572.2863746,3.5401241779327393,1,,1776699572.286537
3752,round_robin,rar1,/ziprar,1776699570.8406155,1776699573.0679607,2.2273452281951904,1,,1776699573.0681307
3753,least_connections,rar1,/ziprar,1776699577.1667368,1776699581.7855442,4.618807315826416,1,,1776699581.7857757
3754,round_robin,rar1,/ziprar,1776699577.513533,1776699581.9372518,4.423718690872192,1,,1776699581.9375246
3755,least_connections,rar1,/ziprar,1776699578.259433,1776699582.3244126,4.064979553222656,1,,1776699582.3246775
3756,least_connections,rar1,/ziprar,1776699579.3806427,1776699582.3841228,3.0034801959991455,1,,1776699582.386343
3757,ip_hash,img1,/webp2png,1776699589.718563,1776699593.3741384,3.6555752754211426,1,,1776699593.3804364
3758,least_connections,img1,/webp2png,1776699589.5059676,1776699593.4483762,3.942408561706543,1,,1776699593.4485407
3759,ip_hash,img1,/webp2png,1776699590.006614,1776699593.5224895,3.5158755779266357,1,,1776699593.52269
3760,power_of_two,img1,/webp2png,1776699590.3632452,1776699593.5339737,3.1707284450531006,1,,1776699593.5341573
3761,round_robin,img1,/webp2png,1776699590.6663935,1776699593.5455515,2.8791580200195312,1,,1776699593.5456922
3762,random,pdf1,/pdf2png,1776699478.9142032,1776699598.3021038,119.3879005908966,1,,1776699598.302281
3763,least_connections,pdf1,/pdf2png,1776699478.2547019,1776699598.4223125,120.16761064529419,1,,1776699598.4228904
3764,least_connections,pdf1,/pdf2png,1776699478.8220136,1776699598.6185374,119.79652380943298,1,,1776699598.6187127
3765,least_connections,pdf1,/pdf2png,1776699478.5934935,1776699600.13543,121.54193663597107,1,,1776699600.1356149
3766,ip_hash,pdf1,/pdf2png,1776699478.4398746,1776699600.1626232,121.72274851799011,1,,1776699600.162854
3767,least_connections,img1,/webp2png,1776699601.9360414,1776699605.3858562,3.449814796447754,1,,1776699605.386064
3768,power_of_two,img1,/webp2png,1776699602.0668895,1776699605.416001,3.349111557006836,1,,1776699605.4161696
3769,least_connections,img1,/webp2png,1776699602.4647942,1776699605.4612432,2.9964489936828613,1,,1776699605.4614482
3770,least_connections,img1,/webp2png,1776699602.1716323,1776699605.5053313,3.3336989879608154,1,,1776699605.5055194
3771,random,img1,/webp2png,1776699602.3160589,1776699605.5475016,3.23144268989563,1,,1776699605.5476649
3772,random,img1,/webp2png,1776699611.6680996,1776699614.3417354,2.673635721206665,1,,1776699614.3452606
3773,ip_hash,img1,/webp2png,1776699610.6905491,1776699614.4423769,3.7518277168273926,1,,1776699614.4427195
3774,least_connections,img1,/webp2png,1776699611.0848057,1776699614.469728,3.3849222660064697,1,,1776699614.4699361
3775,least_connections,img1,/webp2png,1776699610.3809054,1776699614.532227,4.151321649551392,1,,1776699614.5324001
3776,round_robin,img1,/webp2png,1776699612.3347974,1776699614.567593,2.2327957153320312,1,,1776699614.5682929
3777,least_connections,rar1,/ziprar,1776699615.0846672,1776699617.6781452,2.593477964401245,1,,1776699617.6783721
3778,power_of_two,rar1,/ziprar,1776699618.1281414,1776699622.5064862,4.378344774246216,1,,1776699622.5067835
3779,least_connections,rar1,/ziprar,1776699620.2036002,1776699627.782105,7.578504800796509,1,,1776699627.78228
3780,round_robin,rar1,/ziprar,1776699619.5521312,1776699627.8070393,8.254908084869385,1,,1776699627.8072083
3781,power_of_two,rar1,/ziprar,1776699618.8404512,1776699627.8150897,8.97463846206665,1,,1776699627.8152437
3782,round_robin,img1,/webp2png,1776699627.11311,1776699629.7025867,2.5894765853881836,1,,1776699629.702757
3783,power_of_two,img1,/webp2png,1776699626.5634372,1776699629.738206,3.1747686862945557,1,,1776699629.7383747
3784,power_of_two,img1,/webp2png,1776699627.2927055,1776699629.747639,2.4549334049224854,1,,1776699629.7477686
3785,least_connections,img1,/webp2png,1776699627.4690125,1776699629.772244,2.3032314777374268,1,,1776699629.7724063
3786,power_of_two,img1,/webp2png,1776699626.7941506,1776699629.7853796,2.9912290573120117,1,,1776699629.7866874
3787,power_of_two,img1,/webp2png,1776699632.6021495,1776699636.7674177,4.165268182754517,1,,1776699636.7677376
3788,random,img1,/webp2png,1776699632.2543144,1776699636.8324876,4.5781731605529785,1,,1776699636.832692
3789,power_of_two,img1,/webp2png,1776699633.2604115,1776699636.9073899,3.6469783782958984,1,,1776699636.907581
3790,ip_hash,img1,/webp2png,1776699633.0904932,1776699636.9478478,3.8573546409606934,1,,1776699636.9480734
3791,round_robin,img1,/webp2png,1776699632.913607,1776699637.0080478,4.094440937042236,1,,1776699637.0082674
3792,round_robin,img1,/webp2png,1776699642.343398,1776699645.4821103,3.138712167739868,1,,1776699645.4822981
3793,least_connections,img1,/webp2png,1776699642.7136197,1776699645.8139768,3.1003570556640625,1,,1776699645.814186
3794,least_connections,img1,/webp2png,1776699642.5119045,1776699645.8948917,3.3829872608184814,1,,1776699645.8951077
3795,random,img1,/webp2png,1776699643.7754347,1776699646.4825852,2.707150459289551,1,,1776699646.4828818
3796,least_connections,img1,/webp2png,1776699643.2670865,1776699646.5344088,3.267322301864624,1,,1776699646.5345745
3797,round_robin,rar1,/ziprar,1776699646.5754538,1776699648.8942027,2.318748950958252,1,,1776699648.894375
3798,ip_hash,rar1,/ziprar,1776699650.2384872,1776699652.6367106,2.398223400115967,1,,1776699652.6369314
3799,ip_hash,rar1,/ziprar,1776699655.8446298,1776699658.1498876,2.305257797241211,1,,1776699658.1501522
3800,ip_hash,rar1,/ziprar,1776699655.556021,1776699658.1703465,2.614325523376465,1,,1776699658.1705556
3801,power_of_two,rar1,/ziprar,1776699656.8421605,1776699661.8670697,5.024909257888794,1,,1776699661.8732781
3802,ip_hash,img1,/webp2png,1776699663.3113368,1776699666.495414,3.184077262878418,1,,1776699666.495587
3803,power_of_two,img1,/webp2png,1776699663.5121481,1776699666.5571268,3.044978618621826,1,,1776699666.5573928
3804,power_of_two,img1,/webp2png,1776699663.078888,1776699666.6302915,3.551403522491455,1,,1776699666.6306179
3805,round_robin,img1,/webp2png,1776699663.9485924,1776699666.9565787,3.007986307144165,1,,1776699666.956751
3806,power_of_two,img1,/webp2png,1776699664.2451084,1776699667.0337133,2.788604974746704,1,,1776699667.0339265
3807,ip_hash,img1,/webp2png,1776699672.0186315,1776699674.575108,2.556476593017578,1,,1776699674.5753243
3808,power_of_two,img1,/webp2png,1776699671.6381176,1776699674.606641,2.9685235023498535,1,,1776699674.6067913
3809,power_of_two,img1,/webp2png,1776699671.2086763,1776699674.6827307,3.4740543365478516,1,,1776699674.6837423
3810,round_robin,img1,/webp2png,1776699672.5113406,1776699675.2032945,2.6919538974761963,1,,1776699675.2035494
3811,ip_hash,img1,/webp2png,1776699672.9458122,1776699675.268931,2.3231186866760254,1,,1776699675.2693267
3812,random,img1,/webp2png,1776699679.6417835,1776699682.2155557,2.5737721920013428,1,,1776699682.2157238
3813,random,img1,/webp2png,1776699679.000709,1776699682.2754645,3.2747554779052734,1,,1776699682.275725
3814,power_of_two,img1,/webp2png,1776699679.4089205,1776699682.3775353,2.9686148166656494,1,,1776699682.3777516
3815,round_robin,img1,/webp2png,1776699680.7441354,1776699682.9942496,2.2501142024993896,1,,1776699682.994488
3816,ip_hash,img1,/webp2png,1776699680.212065,1776699683.0372224,2.825157403945923,1,,1776699683.037455
3817,ip_hash,rar1,/ziprar,1776699683.8560848,1776699686.7810946,2.9250097274780273,1,,1776699686.7816825
3818,power_of_two,rar1,/ziprar,1776699685.6688025,1776699689.7389328,4.070130348205566,1,,1776699689.7391338
3819,power_of_two,rar1,/ziprar,1776699687.3555639,1776699691.777789,4.4222252368927,1,,1776699691.7881153
3820,ip_hash,img1,/webp2png,1776699690.7380166,1776699693.8808856,3.142868995666504,1,,1776699693.881072
3821,power_of_two,img1,/webp2png,1776699690.134928,1776699693.894667,3.7597389221191406,1,,1776699693.89487
3822,random,img1,/webp2png,1776699690.3388987,1776699693.9759476,3.6370489597320557,1,,1776699693.9761598
3823,power_of_two,img1,/webp2png,1776699692.2380729,1776699694.643644,2.405571222305298,1,,1776699694.6464531
3824,round_robin,rar1,/ziprar,1776699689.2928033,1776699694.944015,5.651211738586426,1,,1776699694.944216
3825,random,rar1,/ziprar,1776699688.5586545,1776699694.9667792,6.408124685287476,1,,1776699694.9669085
3826,random,img1,/webp2png,1776699693.072637,1776699695.0387354,1.9660983085632324,1,,1776699695.0389185
3827,ip_hash,img1,/webp2png,1776699700.0990686,1776699702.2469676,2.1478989124298096,1,,1776699702.2471895
3828,power_of_two,img1,/webp2png,1776699699.7799273,1776699702.3125088,2.5325815677642822,1,,1776699702.3127377
3829,power_of_two,img1,/webp2png,1776699699.3639882,1776699702.3941693,3.0301811695098877,1,,1776699702.3943493
3830,power_of_two,img1,/webp2png,1776699700.6320868,1776699702.6971424,2.0650556087493896,1,,1776699702.6972995
3831,round_robin,img1,/webp2png,1776699701.0251198,1776699702.7415147,1.7163949012756348,1,,1776699702.741698
3832,round_robin,img1,/webp2png,1776699707.672892,1776699712.3174322,4.644540071487427,1,,1776699712.317693
3833,random,img1,/webp2png,1776699706.854629,1776699712.4410641,5.586435079574585,1,,1776699712.441264
3834,power_of_two,img1,/webp2png,1776699707.3315697,1776699712.4601638,5.128594160079956,1,,1776699712.460494
3835,power_of_two,img1,/webp2png,1776699708.3708198,1776699712.4720645,4.101244688034058,1,,1776699712.4723086
3836,power_of_two,img1,/webp2png,1776699708.6713424,1776699712.4788046,3.807462215423584,1,,1776699712.4810257
3837,ip_hash,pdf1,/pdf2png,1776699538.9057012,1776699718.122501,179.21679973602295,1,,1776699718.1241345
3838,least_connections,pdf1,/pdf2png,1776699538.6485982,1776699718.7311497,180.0825514793396,1,,1776699718.7313614
3839,ip_hash,pdf1,/pdf2png,1776699539.2664099,1776699718.8209152,179.55450534820557,1,,1776699718.8211355
3840,least_connections,pdf1,/pdf2png,1776699539.0758271,1776699719.015185,179.93935799598694,1,,1776699719.015416
3841,power_of_two,pdf1,/pdf2png,1776699538.404402,1776699719.0422528,180.63785076141357,1,,1776699719.0424137
3842,random,img1,/webp2png,1776699726.5809386,1776699729.7387576,3.1578190326690674,1,,1776699729.7389486
3843,power_of_two,img1,/webp2png,1776699726.2257626,1776699729.780348,3.5545854568481445,1,,1776699729.7805338
3844,least_connections,img1,/webp2png,1776699725.9789445,1776699729.8393943,3.86044979095459,1,,1776699729.8396034
3845,power_of_two,img1,/webp2png,1776699725.699072,1776699729.869748,4.170676231384277,1,,1776699729.8699653
3846,power_of_two,img1,/webp2png,1776699726.3682191,1776699729.883577,3.5153579711914062,1,,1776699729.883782
3847,least_connections,rar1,/ziprar,1776699727.268029,1776699731.8005102,4.5324811935424805,1,,1776699731.80069
3848,random,rar1,/ziprar,1776699727.674981,1776699732.7677507,5.092769622802734,1,,1776699732.771536
3849,random,rar1,/ziprar,1776699731.2761948,1776699735.5339513,4.257756471633911,1,,1776699735.5342174
3850,ip_hash,rar1,/ziprar,1776699732.9205835,1776699737.1244378,4.203854322433472,1,,1776699737.1246195
3851,random,rar1,/ziprar,1776699732.3557744,1776699737.1833155,4.82754111289978,1,,1776699737.1859667
3852,round_robin,img1,/webp2png,1776699739.422934,1776699741.9789302,2.5559961795806885,1,,1776699741.9791844
3853,round_robin,img1,/webp2png,1776699738.972767,1776699742.1902173,3.2174501419067383,1,,1776699742.190544
3854,ip_hash,img1,/webp2png,1776699739.8432522,1776699742.2480297,2.4047775268554688,1,,1776699742.2482257
3855,power_of_two,img1,/webp2png,1776699740.426756,1776699742.7480645,2.3213086128234863,1,,1776699742.7482855
3856,power_of_two,img1,/webp2png,1776699740.9137545,1776699742.7984068,1.8846523761749268,1,,1776699742.7986197
3857,least_connections,img1,/webp2png,1776699747.4131055,1776699749.8605971,2.4474916458129883,1,,1776699749.860838
3858,random,img1,/webp2png,1776699747.6921308,1776699749.976424,2.2842931747436523,1,,1776699749.9766104
3859,power_of_two,img1,/webp2png,1776699746.9139922,1776699750.0446904,3.1306982040405273,1,,1776699750.0449023
3860,random,img1,/webp2png,1776699748.6962264,1776699750.6750617,1.9788353443145752,1,,1776699750.6752717
3861,random,img1,/webp2png,1776699748.2238147,1776699750.7379436,2.5141289234161377,1,,1776699750.7381663
3862,ip_hash,img1,/webp2png,1776699754.5379045,1776699757.7439497,3.206045150756836,1,,1776699757.7441556
3863,random,img1,/webp2png,1776699753.9060116,1776699757.7994657,3.893454074859619,1,,1776699757.799702
3864,least_connections,img1,/webp2png,1776699754.1861923,1776699757.8132193,3.6270270347595215,1,,1776699757.8134189
3865,round_robin,img1,/webp2png,1776699755.4070957,1776699757.919466,2.5123703479766846,1,,1776699757.919792
3866,least_connections,img1,/webp2png,1776699755.9111397,1776699758.095469,2.1843292713165283,1,,1776699758.0956328
3867,ip_hash,rar1,/ziprar,1776699759.8582413,1776699764.6937976,4.835556268692017,1,,1776699764.694019
3868,round_robin,rar1,/ziprar,1776699760.3234906,1776699765.496487,5.172996282577515,1,,1776699765.4967144
3869,random,rar1,/ziprar,1776699763.5907319,1776699768.0471961,4.4564642906188965,1,,1776699768.0473878
3870,ip_hash,rar1,/ziprar,1776699765.7466547,1776699770.0832033,4.336548566818237,1,,1776699770.0835028
3871,power_of_two,rar1,/ziprar,1776699766.6064403,1776699771.151666,4.545225620269775,1,,1776699771.1521015
3872,least_connections,img1,/webp2png,1776699769.1956747,1776699772.725745,3.5300703048706055,1,,1776699772.7260532
3873,power_of_two,img1,/webp2png,1776699769.5726633,1776699772.776154,3.203490734100342,1,,1776699772.776375
3874,power_of_two,img1,/webp2png,1776699768.6507332,1776699772.8274376,4.176704406738281,1,,1776699772.8276234
3875,round_robin,img1,/webp2png,1776699768.3045323,1776699772.8383737,4.533841371536255,1,,1776699772.838551
3876,round_robin,img1,/webp2png,1776699770.5381486,1776699773.0227523,2.4846036434173584,1,,1776699773.0230527
3877,power_of_two,pdf1,/pdf2png,1776699599.5503542,1776699834.8785722,235.32821798324585,1,,1776699834.8787723
3878,least_connections,pdf1,/pdf2png,1776699599.6605308,1776699834.9723306,235.31179976463318,1,,1776699834.9724927
3879,ip_hash,pdf1,/pdf2png,1776699598.6673164,1776699835.188184,236.52086758613586,1,,1776699835.1884077
3880,random,pdf1,/pdf2png,1776699598.9864883,1776699835.2888694,236.30238103866577,1,,1776699835.289033
3881,least_connections,pdf1,/pdf2png,1776699599.2995207,1776699835.3634183,236.0638976097107,1,,1776699835.3635976
3882,least_connections,pdf1,/pdf2png,1776699659.7506244,1776699855.7753413,196.02471685409546,1,,1776699855.7755227
3883,round_robin,pdf1,/pdf2png,1776699660.2113135,1776699856.4661868,196.25487327575684,1,,1776699856.4663858
3884,power_of_two,pdf1,/pdf2png,1776699659.4533863,1776699856.7454858,197.2920994758606,1,,1776699856.745702
3885,least_connections,pdf1,/pdf2png,1776699658.9112706,1776699856.8758168,197.96454620361328,1,,1776699856.876062
3886,random,pdf1,/pdf2png,1776699660.6792881,1776699856.9590862,196.27979803085327,1,,1776699856.9598744
3887,power_of_two,pdf1,/pdf2png,1776699719.7366009,1776699863.0835261,143.34692525863647,1,,1776699863.0837927
3888,least_connections,pdf1,/pdf2png,1776699720.6399107,1776699863.2156909,142.57578015327454,1,,1776699863.215916
3889,random,pdf1,/pdf2png,1776699721.0676043,1776699863.2395103,142.17190599441528,1,,1776699863.2399237
3890,ip_hash,pdf1,/pdf2png,1776699720.2433774,1776699863.3143322,143.0709547996521,1,,1776699863.3148327
3891,power_of_two,pdf1,/pdf2png,1776699719.2609427,1776699863.3953302,144.13438749313354,1,,1776699863.3959863
3892,round_robin,pdf1,/pdf2png,1776797556.8983705,1776797565.0116208,8.113250255584717,1,,1776797565.0117772
3893,round_robin,audio1,/file-request,1776800614.7486324,1776800615.644588,0.8959555625915527,1,,1776800615.648063
3894,power_of_two,img1,/webp2png,1776800673.5667803,1776800673.914841,0.34806060791015625,1,,1776800673.9149816
3895,round_robin,img1,/webp2png,1776800677.3386834,1776800677.7348363,0.39615297317504883,1,,1776800677.7349787
3896,least_connections,img1,/webp2png,1776800682.6821692,1776800682.9632826,0.2811133861541748,1,,1776800682.9634755
3897,ip_hash,img1,/webp2png,1776800688.2509189,1776800688.5468256,0.29590678215026855,1,,1776800688.546976
3898,random,img1,/webp2png,1776800692.0987647,1776800692.44981,0.3510453701019287,1,,1776800692.4499526
3899,random,rar1,/ziprar,1776800732.0458562,1776800732.8771892,0.8313329219818115,1,,1776800732.8773153
3900,power_of_two,rar1,/ziprar,1776800738.7301028,1776800739.4998822,0.7697794437408447,1,,1776800739.5000343
3901,least_connections,rar1,/ziprar,1776800745.4740555,1776800746.3071625,0.8331069946289062,1,,1776800746.3073235
3902,ip_hash,rar1,/ziprar,1776800750.610657,1776800751.3655138,0.7548568248748779,1,,1776800751.3667283
3903,random,rar1,/ziprar,1776800755.1770551,1776800756.0313559,0.8543007373809814,1,,1776800756.0315032
3904,round_robin,pdf1,/pdf2png,1776800767.3858523,1776800776.5729744,9.187122106552124,1,,1776800776.5731275
3905,power_of_two,pdf1,/pdf2png,1776800791.0372324,1776800799.8443625,8.807130098342896,1,,1776800799.8445315
3906,round_robin,audio1,/file-request,1776874617.7225933,1776874618.9318326,1.2092392444610596,1,,1776874618.9319546
3907,power_of_two,audio1,/file-request,1776874627.6511312,1776874628.4717665,0.8206353187561035,1,,1776874628.4719734
3908,least_connections,audio1,/file-request,1776874632.6325123,1776874633.2106922,0.5781798362731934,1,,1776874633.215288
3909,random,audio1,/file-request,1776874637.9590306,1776874638.4970827,0.5380520820617676,1,,1776874638.4972532
3910,ip_hash,audio1,/file-request,1776874645.3697958,1776874646.180175,0.8103792667388916,1,,1776874646.1803358
3911,round_robin,img1,/webp2png,1776874660.4547236,1776874660.9212885,0.4665648937225342,1,,1776874660.9214857
3912,power_of_two,img1,/webp2png,1776874665.3477721,1776874666.2275417,0.8797695636749268,1,,1776874666.2276938
3913,least_connections,img1,/webp2png,1776874670.4806054,1776874671.8116846,1.3310792446136475,1,,1776874671.8118234
3914,random,img1,/webp2png,1776874682.4732008,1776874682.9544563,0.48125553131103516,1,,1776874682.954598
3915,round_robin,rar1,/ziprar,1776874700.2407112,1776874701.452861,1.2121498584747314,1,,1776874701.4532585
3916,power_of_two,rar1,/ziprar,1776874706.590944,1776874707.6334345,1.0424904823303223,1,,1776874707.6337237
3917,least_connections,rar1,/ziprar,1776874712.0277066,1776874712.946667,0.9189603328704834,1,,1776874712.9468656
3918,round_robin,rar1,/ziprar,1776874797.6825325,1776874798.626042,0.9435093402862549,1,,1776874798.628287
3919,least_connections,rar1,/ziprar,1776874804.1834695,1776874805.2711518,1.0876822471618652,1,,1776874805.2748492
3920,ip_hash,rar1,/ziprar,1776874809.7178085,1776874810.6870034,0.9691948890686035,1,,1776874810.6893015
3921,power_of_two,rar1,/ziprar,1776874814.198936,1776874815.1705372,0.9716012477874756,1,,1776874815.1706953
3922,round_robin,audio1,/file-request,1776944763.5157084,1776944764.152227,0.6365184783935547,1,,1776944764.1523664
3923,power_of_two,audio1,/file-request,1776944780.805363,1776944781.2320824,0.42671942710876465,1,,1776944781.232219
3924,power_of_two,img1,/webp2png,1776944793.021114,1776944793.2285132,0.2073991298675537,1,,1776944793.228686
3925,power_of_two,img1,/webp2png,1776944796.5812404,1776944796.7174795,0.13623905181884766,1,,1776944796.717642
3926,round_robin,img1,/webp2png,1776944799.006828,1776944799.264018,0.2571899890899658,1,,1776944799.2642138
3927,ip_hash,img1,/webp2png,1776944801.6006815,1776944801.760127,0.15944552421569824,1,,1776944801.7602694
3928,ip_hash,rar1,/ziprar,1776944816.7075207,1776944817.0367785,0.3292577266693115,1,,1776944817.0374339
3929,power_of_two,rar1,/ziprar,1776944820.999068,1776944821.4412591,0.44219112396240234,1,,1776944821.4414477
3930,round_robin,rar1,/ziprar,1776944824.3136005,1776944824.8328736,0.519273042678833,1,,1776944824.833035
3931,round_robin,pdf1,/pdf2png,1776944837.0455723,1776944841.1541774,4.108605146408081,1,,1776944841.1543505
3932,power_of_two,pdf1,/pdf2png,1776944851.112466,1776944855.3562987,4.243832588195801,1,,1776944855.356483
